cp,year,bicycle_motorbike,car,larger_than_car,total,direction,num_direction
20MPH1,2015,1600,16166,2226,19991,NS,2
20MPH10,2015,562,2381,502,3445,NS,2
20MPH101,2015,270,13021,1512,14802,NS,2
20MPH102,2015,655,30039,3642,34337,EW,2
20MPH105,2015,56,495,126,676,NS,2
20MPH107,2013,215,6473,1100,7779,NS,2
20MPH107,2015,300,7157,1195,8653,NS,2
20MPH108,2013,530,15350,1757,17593,EW,2
20MPH108,2015,548,15870,1373,17791,EW,2
20MPH109,2013,354,927,421,1693,NN,1
20MPH109,2015,619,301,571,1491,NN,1
20MPH11,2015,20,465,44,529,NS,2
20MPH110,2013,257,10554,1269,12049,EW,2
20MPH110,2015,270,11751,1387,13408,EW,2
20MPH111,2013,679,18764,1934,21334,EW,2
20MPH111,2015,669,19821,1770,22260,EW,2
20MPH112,2013,24,301,25,350,EW,2
20MPH112,2015,12,323,49,383,EW,2
20MPH113,2013,407,6856,988,8242,NS,2
20MPH113,2015,412,7271,869,8552,NS,2
20MPH114,2013,329,2795,2294,5394,EW,2
20MPH114,2015,183,3386,2136,5706,EW,2
20MPH115,2013,8,114,19,141,NS,2
20MPH115,2015,27,159,21,207,NS,2
20MPH116,2013,476,2152,1029,3649,NS,2
20MPH116,2015,1310,1007,1236,3552,NS,2
20MPH118,2013,91,1693,162,1946,NS,2
20MPH118,2015,57,2192,273,2523,NS,2
20MPH119,2013,18,86,17,120,EW,2
20MPH119,2015,24,110,22,154,EW,2
20MPH12,2015,2,8,1,12,NS,2
20MPH121,2013,421,3796,694,4896,NS,2
20MPH121,2015,768,4137,705,5611,NS,2
20MPH123,2015,338,13559,1291,15190,NS,2
20MPH124,2013,572,13484,1200,15209,EW,2
20MPH124,2015,604,13557,1358,15520,EW,2
20MPH127,2013,401,10839,1406,12646,NS,2
20MPH127,2015,512,10044,1065,11622,NS,2
20MPH128,2013,60,315,19,394,NS,2
20MPH128,2015,87,304,33,424,NS,2
20MPH13,2015,566,1405,484,2455,WW,1
20MPH130,2013,39,211,16,266,NS,2
20MPH130,2015,43,228,23,292,NS,2
20MPH131,2013,1579,22936,3568,28084,NS,2
20MPH131,2015,2103,22937,3388,28428,NS,2
20MPH132,2013,457,9654,1721,11806,NS,2
20MPH132,2015,601,11049,1804,13454,NS,2
20MPH134,2015,37,413,31,480,NS,2
20MPH135,2015,477,17131,1514,19122,NS,2
20MPH136,2013,9,138,11,158,NS,2
20MPH136,2015,10,204,19,233,NS,2
20MPH137,2013,355,9930,1513,11755,NS,2
20MPH137,2015,342,8733,1111,10186,NS,2
20MPH138,2013,58,1605,205,1868,NS,2
20MPH138,2015,98,896,63,1057,NN,1
20MPH14,2015,1380,9616,1163,12158,NS,2
20MPH140,2013,370,6136,1822,8301,NS,2
20MPH140,2015,545,5734,1490,7769,NS,2
20MPH142,2013,417,5248,1141,6807,NS,2
20MPH142,2015,488,6382,921,7791,NS,2
20MPH143,2015,52,515,33,599,EW,2
20MPH144,2015,157,2929,397,3484,NS,2
20MPH145,2015,27,439,54,521,NS,2
20MPH146,2013,13,261,37,310,EW,2
20MPH146,2015,38,282,24,343,EW,2
20MPH147,2015,306,12428,1416,14151,EW,2
20MPH148,2015,35,532,35,602,EW,2
20MPH149,2015,134,719,72,925,NS,2
20MPH15,2015,257,495,63,814,NS,2
20MPH150,2015,17,781,67,866,NS,2
20MPH151,2013,144,3296,1176,4598,NS,2
20MPH151,2015,97,1575,436,2108,NS,2
20MPH152,2013,187,4737,620,5536,EW,2
20MPH152,2015,316,5006,626,5947,EW,2
20MPH153,2013,454,12100,2199,14754,NN,1
20MPH153,2015,863,15170,1980,18012,NN,1
20MPH154,2013,173,6386,699,7252,NS,2
20MPH154,2015,193,7311,755,8259,NS,2
20MPH155,2015,910,13900,2196,17006,WW,1
20MPH158,2015,672,846,93,1610,NS,2
20MPH159,2013,32,685,111,828,EW,2
20MPH159,2015,55,900,116,1070,EW,2
20MPH16,2013,380,409,199,988,EW,2
20MPH16,2015,973,371,345,1691,EW,2
20MPH160,2015,19,217,36,273,EE,1
20MPH161,2015,770,155,39,964,NS,2
20MPH162,2015,76,798,57,931,NS,2
20MPH163,2013,212,5838,767,6811,NS,2
20MPH163,2015,231,6212,815,7259,NS,2
20MPH165,2013,185,3696,605,4482,NS,2
20MPH165,2015,207,3891,517,4615,NS,2
20MPH166,2015,78,1286,340,1704,NS,2
20MPH18,2015,617,2685,371,3673,EW,2
20MPH19,2015,84,349,74,507,WW,1
20MPH2,2015,285,225,33,543,NS,2
20MPH20,2015,3,223,18,245,EW,2
20MPH21,2013,68,301,31,400,NS,2
20MPH21,2015,156,411,52,621,NS,2
20MPH22,2013,241,3133,893,4267,SS,1
20MPH22,2015,213,2255,441,2909,SS,1
20MPH23,2013,379,373,88,837,NS,2
20MPH23,2015,197,406,89,691,NS,2
20MPH25,2013,58,250,54,362,NS,2
20MPH25,2015,1011,338,169,1518,NS,2
20MPH26,2013,938,7900,2054,10836,EW,2
20MPH26,2015,1170,7154,1259,9584,EW,2
20MPH28,2013,686,2113,411,3199,EW,2
20MPH28,2015,1032,3226,649,4907,EW,2
20MPH3,2013,855,11345,2920,15121,EW,2
20MPH3,2015,1070,8568,2140,11778,EW,2
20MPH31,2015,1059,24088,2542,27689,NS,2
20MPH32,2015,16,147,22,184,NN,1
20MPH33,2015,13,149,23,185,SS,1
20MPH34,2013,1194,16094,3873,21081,NS,2
20MPH34,2015,1570,15129,3317,20015,NS,2
20MPH35,2013,738,6041,1543,8295,EW,2
20MPH35,2015,1257,7509,1663,10429,EW,2
20MPH36,2013,857,4805,1628,7290,NS,2
20MPH36,2015,1160,5418,1066,7644,NS,2
20MPH38,2013,885,7335,2128,10244,NS,2
20MPH38,2015,1685,13720,1715,17121,NS,2
20MPH39,2015,544,11582,1447,13573,NS,2
20MPH4,2015,403,1053,124,1580,NS,2
20MPH41,2013,500,9871,1203,11457,NS,2
20MPH41,2015,1029,11519,2009,14557,NS,2
20MPH43,2013,792,8913,988,10671,EW,2
20MPH43,2015,802,10353,886,12040,EW,2
20MPH44,2013,1223,14132,2370,17629,NS,2
20MPH44,2015,1628,14618,2048,18294,NS,2
20MPH44,2017,1139,9411,1975,12527,NS,2
20MPH46,2015,1217,11335,1511,14062,EW,2
20MPH5,2015,145,969,122,1236,SS,1
20MPH50,2013,3,50,11,64,NS,2
20MPH51,2013,780,12683,1657,15120,NS,2
20MPH51,2015,704,13320,1708,15732,NS,2
20MPH52,2013,603,11806,1561,13956,NS,2
20MPH52,2015,563,11082,1157,12802,NS,2
20MPH53,2013,449,7605,555,8601,EW,2
20MPH53,2015,540,8261,715,9516,EW,2
20MPH54,2013,425,12623,1155,14203,NS,2
20MPH54,2015,553,13307,1326,15185,NS,2
20MPH55,2013,621,9524,1781,11874,EW,2
20MPH55,2015,698,9553,1512,11763,EW,2
20MPH58,2015,532,3284,628,4444,NS,2
20MPH59,2013,319,1638,363,2315,WW,1
20MPH59,2015,391,1809,415,2615,WW,1
20MPH6,2015,248,952,151,1351,NS,2
20MPH60,2015,292,2739,197,3228,NS,2
20MPH61,2013,266,379,82,727,NS,2
20MPH61,2015,212,249,74,534,SS,1
20MPH62,2015,407,7059,666,8132,NS,2
20MPH63,2013,36,463,30,529,EW,2
20MPH63,2015,59,569,29,658,EW,2
20MPH64,2013,118,323,39,480,NS,2
20MPH64,2015,136,397,42,576,NS,2
20MPH65,2015,435,21932,2065,24432,EW,2
20MPH66,2013,137,1043,79,1259,NS,2
20MPH66,2015,254,1523,219,1996,NS,2
20MPH67,2013,272,908,255,1429,NN,1
20MPH67,2015,541,808,216,1565,NN,1
20MPH68,2013,813,16307,2177,19172,NS,2
20MPH68,2015,849,15226,2138,18213,NS,2
20MPH7,2015,194,1548,282,2024,NS,2
20MPH70,2013,6,143,16,165,EW,2
20MPH70,2015,7,208,22,236,EW,2
20MPH71,2013,479,12452,1163,14094,EW,2
20MPH71,2015,700,13082,1101,14883,EW,2
20MPH72,2013,378,15860,1658,17839,NS,2
20MPH73,2015,69,588,35,692,NS,2
20MPH74,2013,288,1933,982,3181,EW,2
20MPH74,2015,417,2052,1002,3471,EW,2
20MPH76,2013,663,14505,1619,16788,EW,2
20MPH76,2015,830,15171,1527,17528,EW,2
20MPH78,2015,275,2084,149,2507,NS,2
20MPH79,2015,34,1016,75,1125,NS,2
20MPH8,2013,1137,7055,2515,10666,NS,2
20MPH8,2015,1585,5780,2142,9507,NS,2
20MPH80,2013,201,1355,99,1655,NS,2
20MPH80,2015,224,1693,125,2042,NS,2
20MPH81,2013,508,1470,202,2177,NS,2
20MPH82,2015,50,691,50,793,NS,2
20MPH85,2013,24,499,35,558,EW,2
20MPH85,2015,38,566,41,646,EW,2
20MPH87,2013,482,10967,1724,13103,NS,2
20MPH87,2015,408,10964,1480,12852,NS,2
20MPH88,2013,248,935,89,1272,NS,2
20MPH88,2015,413,1258,106,1778,NS,2
20MPH89,2015,120,2246,244,2610,EW,2
20MPH90,2013,35,621,43,699,EW,2
20MPH90,2015,47,654,60,761,EW,2
20MPH92,2013,734,9659,1652,12018,NS,2
20MPH92,2015,1041,11693,1369,14103,NS,2
20MPH93,2015,53,742,44,840,EW,2
20MPH94,2013,273,1062,92,1427,EW,2
20MPH94,2015,141,667,48,856,EW,2
20MPH95,2013,90,708,147,945,EW,2
20MPH95,2015,121,804,140,1065,SW,2
20MPH96,2013,1054,8351,1337,10742,NS,2
20MPH96,2015,1115,9715,1359,12190,NS,2
20MPH97,2013,1186,11583,1554,14287,NS,2
20MPH97,2015,1108,13669,1537,16313,NS,2
20MPH98,2015,87,694,49,829,EW,2
AMC1,2010,2278,20953,3958,27189,EW,2
AMC1,2011,3087,18932,4108,25987,EW,2
AMC1,2012,2585,10936,2543,15968,EW,2
AMC1,2013,2801,11429,2600,16711,EW,2
AMC1,2014,2994,11046,2874,16914,EW,2
AMC1,2015,2964,18949,3685,25449,EW,2
AMC1,2016,2620,15329,3081,20893,EW,2
AMC1,2017,3287,18420,3182,24888,EW,2
AMC10,2010,477,16871,2136,19425,NW,2
AMC10,2011,546,15857,2131,18434,NS,2
AMC10,2012,518,13174,1973,15631,NS,2
AMC10,2013,537,14570,1614,16677,NS,2
AMC10,2014,629,15541,2021,18191,NS,2
AMC10,2015,612,15859,1710,18140,NS,2
AMC10,2016,456,15802,2093,18351,NS,2
AMC10,2017,609,16195,1932,18766,NS,2
AMC11,2010,533,10214,1215,11948,NS,2
AMC11,2011,875,10811,1260,12928,NS,2
AMC11,2012,738,11567,870,13158,NS,2
AMC11,2013,853,10635,1081,12568,NS,2
AMC11,2014,751,10278,1255,12265,NS,2
AMC11,2015,841,8944,1232,11016,NS,2
AMC11,2016,917,9778,1158,11838,NS,2
AMC11,2017,690,10451,1315,12441,NS,2
AMC12,2010,587,13711,995,15248,NS,2
AMC12,2011,769,13733,1012,15492,NS,2
AMC12,2012,567,13300,1011,14821,NS,2
AMC12,2013,594,13165,1044,14803,NS,2
AMC12,2014,797,13561,1056,15357,NS,2
AMC12,2015,737,13331,987,15029,NS,2
AMC12,2016,743,13535,1037,15283,NS,2
AMC12,2017,561,8906,823,10290,NS,2
AMC13,2010,513,14275,1913,16617,NS,2
AMC13,2011,621,15652,1981,18208,NS,2
AMC13,2012,452,16261,1825,18503,NS,2
AMC13,2013,492,15506,1962,17911,NS,2
AMC13,2014,597,15788,2010,18298,NS,2
AMC13,2015,585,15175,1802,17562,NS,2
AMC13,2016,636,16035,2107,18736,NS,2
AMC13,2017,655,16417,1820,18891,NS,2
AMC14,2010,425,10895,1066,12362,NS,2
AMC14,2011,482,12100,1289,13851,NS,2
AMC14,2012,455,11994,993,13417,NS,2
AMC14,2013,524,10643,1034,12176,NS,2
AMC14,2014,567,11089,1160,12792,NS,2
AMC14,2015,572,11622,1076,13225,NS,2
AMC14,2016,599,11057,1167,12807,NS,2
AMC14,2017,476,11837,1020,13334,NS,2
AMC15,2010,324,4958,271,5552,EW,2
AMC15,2011,399,4898,284,5578,EW,2
AMC15,2012,195,4792,282,5263,EW,2
AMC15,2013,106,4014,257,4375,SW,2
AMC15,2014,479,4857,304,5631,EW,2
AMC15,2015,530,4564,324,5416,EW,2
AMC15,2016,525,4800,282,5607,EW,2
AMC15,2017,484,4360,287,5132,EW,2
AMC16,2010,268,10756,1378,12367,NS,2
AMC16,2011,338,10123,1429,11890,NS,2
AMC16,2012,364,9850,1312,11484,NS,2
AMC16,2013,344,9937,1338,11570,NS,2
AMC16,2014,448,11022,1416,12844,NS,2
AMC16,2015,451,10993,1474,12826,NS,2
AMC16,2016,442,10410,1388,12160,NS,2
AMC16,2017,444,11148,1536,13131,NS,2
AMC17,2010,468,10995,1425,12864,NS,2
AMC17,2011,706,10625,1570,12902,NS,2
AMC17,2012,605,10492,1500,12574,NS,2
AMC17,2013,547,10918,1191,12618,NS,2
AMC17,2014,863,12145,1616,14575,NS,2
AMC17,2015,621,11802,1663,14085,NS,2
AMC17,2016,482,10735,1476,12692,NS,2
AMC17,2017,844,10191,1439,12476,NS,2
AMC18,2010,211,5047,563,5813,NS,2
AMC18,2011,242,4779,561,5579,NS,2
AMC18,2012,271,4774,515,5558,NS,2
AMC18,2013,223,4917,564,5689,NS,2
AMC18,2014,122,4411,487,5018,NS,2
AMC18,2015,271,5255,602,6128,NS,2
AMC18,2016,418,5406,791,6615,NS,2
AMC18,2017,433,5279,632,6343,NS,2
AMC19,2010,354,10690,799,11820,EW,2
AMC19,2011,597,10268,964,11814,EW,2
AMC19,2012,278,9885,780,10943,EW,2
AMC19,2013,569,9887,951,11380,EW,2
AMC19,2014,243,9924,952,11099,EW,2
AMC19,2015,478,9063,963,10482,EW,2
AMC19,2016,583,9356,1169,11091,EW,2
AMC19,2017,608,9923,1024,11554,EW,2
AMC2,2010,773,10552,1694,13000,EW,2
AMC2,2011,663,10021,1554,12212,EW,2
AMC2,2012,453,9997,1627,12077,EW,2
AMC2,2013,421,9648,1438,11465,EW,2
AMC2,2014,489,9947,1427,11848,EW,2
AMC2,2015,476,10056,1564,12096,EW,2
AMC2,2016,556,10502,1823,12847,EW,2
AMC2,2017,436,7590,1166,9189,EW,2
AMC20,2010,153,4262,417,4827,EW,2
AMC20,2011,183,4174,401,4756,EW,2
AMC20,2012,169,4243,449,4861,EW,2
AMC20,2013,88,4018,386,4483,EW,2
AMC20,2014,180,4353,416,4945,EW,2
AMC20,2015,137,3741,443,4320,EW,2
AMC20,2016,262,4392,458,5104,EW,2
AMC20,2017,247,3883,419,4548,EW,2
AMC21,2010,194,2044,99,2337,NS,2
AMC21,2011,223,1695,134,2050,NS,2
AMC21,2012,216,2218,93,2527,NS,2
AMC21,2013,284,2135,103,2522,NS,2
AMC21,2014,355,2247,131,2732,NS,2
AMC21,2015,357,2190,126,2673,NS,2
AMC21,2016,409,2095,123,2626,NS,2
AMC21,2017,328,1752,97,2177,NS,2
AMC22,2010,66,4591,408,5064,NS,2
AMC22,2011,97,4840,467,5402,NS,2
AMC22,2012,101,5075,401,5576,NS,2
AMC22,2013,90,4779,481,5345,NS,2
AMC22,2014,142,5571,473,6175,NS,2
AMC22,2015,103,4762,460,5322,NS,2
AMC22,2016,102,4667,434,5201,NS,2
AMC22,2017,77,3835,427,4356,NS,2
AMC23,2010,259,3345,723,4327,NS,2
AMC23,2011,235,2904,586,3722,NS,2
AMC23,2012,322,3147,695,4164,NS,2
AMC23,2013,228,3486,550,4258,NS,2
AMC23,2014,495,3314,753,4559,NS,2
AMC23,2015,586,3394,566,4540,NS,2
AMC23,2016,627,3339,778,4737,NS,2
AMC23,2017,270,1282,296,1850,NS,2
AMC24,2010,36,1576,74,1686,NS,2
AMC24,2011,44,1624,85,1753,NS,2
AMC24,2012,26,1257,65,1348,NS,2
AMC24,2013,51,1537,82,1670,NS,2
AMC24,2014,43,1146,51,1240,NS,2
AMC24,2015,71,1571,90,1732,NS,2
AMC24,2016,55,1491,84,1630,NS,2
AMC24,2017,41,1171,75,1289,NS,2
AMC25,2010,220,3556,375,4151,NS,2
AMC25,2011,369,3525,333,4226,NS,2
AMC25,2012,375,3730,293,4395,NS,2
AMC25,2013,280,3304,428,4010,NS,2
AMC25,2014,413,3709,395,4514,NS,2
AMC25,2015,404,4825,476,5704,NS,2
AMC25,2016,391,4200,435,5018,NS,2
AMC25,2017,583,4386,481,5453,NS,2
AMC26,2010,134,2298,114,2546,NS,2
AMC26,2011,175,2110,122,2407,NS,2
AMC26,2012,163,2016,135,2314,NS,2
AMC26,2013,165,1988,114,2266,NS,2
AMC26,2014,193,2063,111,2367,NS,2
AMC26,2015,190,1910,132,2232,NS,2
AMC26,2016,204,1778,133,2115,NS,2
AMC26,2017,191,1093,95,1379,NS,2
AMC27,2010,203,7218,511,7932,NS,2
AMC27,2011,336,6579,651,7558,NS,2
AMC27,2012,339,6498,572,7396,NS,2
AMC27,2013,309,6293,365,6962,NS,2
AMC27,2014,338,6160,569,7062,NS,2
AMC27,2015,389,6378,579,7342,NS,2
AMC27,2016,373,5869,525,6758,NS,2
AMC27,2017,375,5919,501,6793,NS,2
AMC28,2010,401,8877,889,10166,NS,2
AMC28,2011,506,6325,809,7631,NS,2
AMC28,2012,502,3917,496,4913,NS,2
AMC28,2013,561,3659,554,4771,NS,2
AMC28,2014,400,3917,467,4771,NS,2
AMC28,2015,529,3927,488,4937,NS,2
AMC28,2016,528,3584,533,4641,NS,2
AMC28,2017,542,3397,517,4454,NS,2
AMC29,2010,234,1438,140,1812,NS,2
AMC29,2011,308,1431,185,1924,NS,2
AMC29,2012,276,1208,148,1631,NS,2
AMC29,2013,332,1319,167,1818,NS,2
AMC29,2014,305,1403,224,1931,NS,2
AMC29,2015,372,1474,187,2032,NS,2
AMC29,2016,226,1559,196,1980,NS,2
AMC29,2017,403,1846,263,2512,NS,2
AMC3,2010,1656,28954,6094,36702,EW,2
AMC3,2011,1655,27411,6583,35075,EW,2
AMC3,2012,1447,31342,3789,36268,EW,2
AMC3,2013,1526,32448,3888,37864,EW,2
AMC3,2014,1569,33457,3641,38667,EW,2
AMC3,2015,1378,33884,3487,38448,EW,2
AMC3,2016,2250,27990,6575,36815,EW,2
AMC3,2017,2414,28465,5509,36387,EW,2
AMC4,2010,620,18418,1969,21008,EW,2
AMC4,2011,825,17423,1974,20222,EW,2
AMC4,2012,677,17785,2044,20507,EW,2
AMC4,2013,715,18156,2116,20988,EW,2
AMC4,2014,719,18186,2317,21222,EW,2
AMC4,2015,724,19310,2285,22255,EW,2
AMC4,2016,683,18645,2429,21711,EW,2
AMC4,2017,1052,28490,3536,33078,EW,2
AMC5,2010,1340,21359,3131,25698,EW,2
AMC5,2011,1874,20885,3605,26366,EW,2
AMC5,2012,1436,20886,3107,25428,EW,2
AMC5,2013,1552,20300,4773,26424,EW,2
AMC5,2014,1708,20612,3569,25889,EW,2
AMC5,2015,2080,20186,3322,25587,EW,2
AMC5,2016,965,18908,3529,23292,EW,2
AMC5,2017,1755,20394,2940,25087,EW,2
AMC6,2010,348,13794,1320,15383,EW,2
AMC6,2011,539,13376,1342,15257,EW,2
AMC6,2012,486,13222,1205,14868,EW,2
AMC6,2013,415,13362,1232,14986,EW,2
AMC6,2014,463,13940,1244,15521,EW,2
AMC6,2015,543,14122,1527,16193,EW,2
AMC6,2016,617,14045,1458,16120,EW,2
AMC6,2017,538,13904,1426,15845,EW,2
AMC7,2010,586,19134,2349,22068,EW,2
AMC7,2011,717,18851,2255,21824,EW,2
AMC7,2012,568,18982,2298,21846,EW,2
AMC7,2013,631,19848,2103,22581,EW,2
AMC7,2014,645,20616,2514,23563,EW,2
AMC7,2015,678,20970,2456,24104,EW,2
AMC7,2016,711,21832,2641,25183,EW,2
AMC7,2017,621,22564,2451,25634,EW,2
AMC8,2010,1899,15759,3915,21461,NS,2
AMC8,2011,2134,14645,4050,20829,NS,2
AMC8,2012,1284,14653,3150,19087,NS,2
AMC8,2013,1846,15107,3703,20657,NS,2
AMC8,2014,1329,15691,3129,19975,NS,2
AMC8,2015,956,15044,2871,18872,NS,2
AMC8,2016,1152,14555,2681,18388,NS,2
AMC8,2017,2001,14414,2852,19266,NS,2
AMC9,2010,515,10174,1353,12020,NS,2
AMC9,2011,514,9514,1437,11447,NS,2
AMC9,2012,576,9469,1307,11324,NS,2
AMC9,2013,576,9037,1393,11006,NS,2
AMC9,2014,671,9777,1408,11841,NS,2
AMC9,2015,488,8262,1208,9958,NS,2
AMC9,2016,672,9959,1105,11736,NS,2
AMC9,2017,608,9531,1399,11536,NS,2
AMH1,2010,68,499,30,597,NS,2
AMH10,2010,73,295,43,411,NS,2
AMH101,2015,114,1336,95,1545,NS,2
AMH102,2011,317,2875,178,3370,EW,2
AMH103,2015,271,4969,380,5616,EW,2
AMH105,2015,106,1680,137,1922,NS,2
AMH106,2011,22,394,24,440,NS,2
AMH106,2012,275,2270,177,2687,NS,2
AMH109,2012,221,839,63,1123,NS,2
AMH11,2010,149,486,50,685,EW,2
AMH111,2012,122,1269,171,1558,SS,1
AMH114,2011,59,586,38,683,NS,2
AMH114,2012,48,568,34,650,NS,2
AMH117,2010,173,3750,313,4235,NS,2
AMH117,2011,166,3392,317,3875,NS,2
AMH117,2012,189,3240,267,3695,NS,2
AMH12,2012,66,146,44,256,SS,1
AMH122,2016,137,1067,96,1300,EW,2
AMH125,2016,409,6289,1291,7989,NS,2
AMH125,2017,515,7031,1222,8767,NS,2
AMH126,2016,194,3416,457,4062,EW,2
AMH128,2010,28,1412,150,1590,WW,1
AMH129,2010,325,3575,491,4384,NS,2
AMH13,2010,195,151,27,372,NN,1
AMH131,2016,51,716,83,850,NS,2
AMH132,2016,538,1663,181,2383,NS,2
AMH132,2017,236,893,89,1221,NS,2
AMH133,2016,415,1368,115,1896,NS,2
AMH134,2016,36,1367,114,1517,EW,2
AMH135,2010,16,323,31,370,NS,2
AMH136,2010,72,2112,294,2478,EW,2
AMH136,2016,176,1616,183,1972,EW,2
AMH137,2016,80,959,185,1224,EW,2
AMH138,2016,92,969,56,1117,EW,2
AMH139,2016,47,508,29,584,NS,2
AMH14,2010,199,269,51,519,SS,1
AMH140,2010,16,277,14,307,EW,2
AMH141,2016,115,1174,184,1472,EW,2
AMH142,2016,58,605,6,669,EW,2
AMH143,2010,37,312,27,376,NS,2
AMH144,2016,95,741,34,870,EW,2
AMH145,2016,285,12386,2305,14941,EW,2
AMH149,2016,304,988,75,1366,EW,2
AMH15,2010,494,3770,518,4778,NS,2
AMH150,2016,419,3870,296,4582,NS,2
AMH151,2010,95,258,34,387,NS,2
AMH153,2010,95,2059,98,2252,NS,2
AMH153,2017,120,2269,109,2499,NS,2
AMH154,2010,80,2099,101,2280,EW,2
AMH155,2010,34,2090,102,2224,NS,2
AMH157,2010,10,376,27,413,NS,2
AMH158,2010,15,197,16,228,NS,2
AMH16,2012,63,563,56,682,NN,1
AMH160,2010,49,756,52,857,NS,2
AMH161,2010,106,270,38,414,NS,2
AMH162,2010,60,494,51,605,NS,2
AMH163,2017,81,623,21,728,EW,2
AMH164,2017,1851,1462,358,3672,NS,2
AMH165,2017,658,15426,2004,18095,EW,2
AMH169,2017,888,1878,266,3034,NS,2
AMH170,2017,1777,10880,1898,14555,NS,2
AMH171,2017,715,9761,1306,11781,NS,2
AMH172,2017,299,766,78,1143,NS,2
AMH173,2017,79,1347,152,1579,NS,2
AMH175,2017,831,10366,961,12158,NS,2
AMH176,2017,141,1184,151,1476,NS,2
AMH177,2017,161,277,28,465,EW,2
AMH18,2010,107,1079,181,1367,EW,2
AMH180,2017,135,991,87,1214,EW,2
AMH181,2017,194,1098,77,1370,NS,2
AMH182,2017,182,1588,122,1905,EW,2
AMH183,2010,104,3481,293,3877,SS,1
AMH184,2010,60,4395,353,4808,NN,1
AMH184,2017,450,8172,1461,10085,EW,2
AMH185,2017,141,621,54,816,NS,2
AMH186,2017,202,2402,198,2803,EE,1
AMH187,2017,415,6741,819,7975,NS,2
AMH188,2013,132,1073,139,1344,NS,2
AMH188,2017,239,995,77,1314,NS,2
AMH20,2010,54,216,35,305,NN,1
AMH21,2012,88,804,66,958,SS,1
AMH23,2010,51,150,26,227,NS,2
AMH25,2010,984,8319,1223,10481,NS,2
AMH26,2015,359,410,57,826,NS,2
AMH28,2012,38,120,34,192,NN,1
AMH28,2017,61,139,39,240,NN,1
AMH29,2015,948,2047,320,3294,NS,2
AMH30,2012,148,371,59,578,SS,1
AMH31,2012,4,522,80,606,EW,2
AMH32,2015,770,579,144,1490,NS,2
AMH33,2012,86,44,7,137,NN,1
AMH34,2012,135,1865,174,2174,EW,2
AMH34,2017,181,1662,141,1984,EW,2
AMH35,2010,33,436,18,487,NS,2
AMH37,2012,105,151,18,274,SS,1
AMH38,2010,318,6375,770,7444,NS,2
AMH39,2012,76,882,116,1072,EE,1
AMH39,2016,106,1368,147,1621,WW,1
AMH4,2012,70,3159,164,3393,NS,2
AMH41,2010,415,3198,388,3999,NS,2
AMH42,2015,917,2540,301,3751,NS,2
AMH43,2016,37,242,26,305,NS,2
AMH44,2012,23,382,9,414,WW,1
AMH44,2016,12,193,14,219,WW,1
AMH45,2012,522,768,195,1485,WW,1
AMH46,2010,51,1376,295,1722,NS,2
AMH47,2010,56,522,37,615,EW,2
AMH48,2015,383,819,102,1303,NS,2
AMH49,2010,195,5073,275,5534,NS,2
AMH5,2010,27,181,14,222,EW,2
AMH52,2010,16,183,17,216,NS,2
AMH53,2010,565,10108,948,11622,NS,2
AMH54,2015,303,1396,124,1822,NS,2
AMH57,2011,797,10434,1567,12766,NS,2
AMH58,2012,102,635,66,803,SS,1
AMH59,2010,10,485,30,526,NN,1
AMH59,2012,27,415,25,467,NN,1
AMH6,2011,18,350,20,388,NS,2
AMH61,2010,151,7719,407,8277,NS,2
AMH62,2015,369,2860,181,3410,NS,2
AMH63,2011,325,4646,356,5328,EW,2
AMH65,2015,102,706,49,857,NS,2
AMH66,2010,272,4155,186,4610,NS,2
AMH67,2010,42,773,48,863,NS,2
AMH69,2010,50,656,41,747,NS,2
AMH72,2012,490,6386,569,7421,NS,2
AMH74,2016,300,947,65,1312,EW,2
AMH75,2015,269,2416,172,2857,EW,2
AMH751,2010,65,365,29,459,NS,2
AMH76,2012,31,498,35,564,SS,1
AMH77,2010,12,304,8,324,EW,2
AMH78,2010,20,305,13,338,WW,1
AMH79,2011,248,3185,232,3662,EW,2
AMH8,2010,55,881,91,1027,EW,2
AMH80,2015,779,5449,529,6742,NS,2
AMH81,2015,20,376,33,429,EE,1
AMH82,2012,60,690,41,791,NN,1
AMH83,2012,295,12665,1301,14261,NS,2
AMH84,2015,464,2517,191,3172,NS,2
AMH86,2011,260,2663,184,3107,EW,2
AMH87,2015,426,2175,147,2748,NS,2
AMH89,2011,463,2970,168,3599,NS,2
AMH89,2012,357,2998,152,3506,NS,2
AMH9,2010,66,1069,99,1233,NS,2
AMH91,2015,153,1547,127,1827,EW,2
AMH92,2015,34,182,14,230,NN,1
AMH93,2015,46,227,21,294,SS,1
AMH94,2015,71,531,42,644,NS,2
AMH96,2011,357,7054,1045,8428,NS,2
AMH96,2012,269,7065,1145,8459,NS,2
AMH97,2011,668,16836,1406,18831,EW,2
AMH98,2015,41,1279,218,1531,WW,1
BBC1,2015,707,1763,334,2805,NS,2
BBC2,2015,720,3072,468,4260,NS,2
BBC3,2015,1804,17892,2361,21951,EW,2
BBC4,2015,461,1948,313,2709,EE,1
cp,0,0,0,0,0,DIDI,1
DEV10,2017,948,1107,176,2237,NS,2
DEV11,2017,131,640,102,874,EW,2
DEV12,2017,982,1649,283,2927,NS,2
DEV4,2017,1387,9903,1233,12505,NS,2
DEV5,2017,1612,10198,1159,12960,NS,2
DEV7,2017,98,694,145,944,EW,2
DEV9,2017,78,623,104,806,EW,2
FRIERN1,2017,748,11452,1240,13440,NS,2
FRIERN10,2017,2,225,4,231,NS,2
FRIERN11,2017,1,166,2,169,NS,2
FRIERN12,2017,41,489,32,562,NS,2
FRIERN13,2017,63,462,33,558,NS,2
FRIERN14,2017,87,1077,63,1257,NS,2
FRIERN15,2017,316,2531,93,2959,EW,2
FRIERN16,2017,154,486,18,658,NS,2
FRIERN17,2017,181,269,37,487,NS,2
FRIERN18,2017,339,319,44,703,EW,2
FRIERN2,2017,146,340,18,504,NS,2
FRIERN20,2017,987,4755,506,6248,NS,2
FRIERN21,2017,1445,1495,388,3330,EW,2
FRIERN22,2017,415,1992,282,2618,EW,2
FRIERN23,2017,546,2100,315,2960,EW,2
FRIERN24,2017,596,3613,394,4601,EW,2
FRIERN4,2017,166,1672,109,1947,EW,2
FRIERN5,2017,191,822,63,1076,NS,2
FRIERN7,2017,208,6834,973,8015,NS,2
FRIERN8,2017,79,944,57,1080,EW,2
FRIERN9,2017,0,255,4,259,NS,2
LBS10,2013,1045,5507,1313,7806,NS,2
LBS11,2013,321,1315,261,1893,NS,2
LBS13,2012,46,287,69,402,NS,2
LBS13,2013,34,178,46,258,NS,2
LBS16,2013,71,896,83,1050,NS,2
LBS17,2012,11,33,5,49,NS,2
LBS17,2013,30,40,2,72,NS,2
LBS18,2013,1520,9680,1443,12643,NS,2
LBS19,2012,134,1148,197,1479,EW,2
LBS19,2013,120,48,6,174,EW,2
LBS2,2012,106,699,76,880,NS,2
LBS21,2013,570,4510,977,5986,NS,2
LBS23,2013,223,2095,186,2502,NS,2
LBS24,2013,69,673,54,796,NS,2
LBS25,2013,309,532,108,949,EW,2
LBS27,2012,70,729,147,946,EW,2
LBS28,2010,426,10428,1394,12209,EW,2
LBS29,2012,1236,10104,2249,13546,EW,2
LBS31,2012,1225,9689,1916,12830,EW,2
LBS32,2012,372,11083,1016,12460,EW,2
LBS33,2012,981,8714,1849,11544,EW,2
LBS35,2010,317,6851,784,7943,EW,2
LBS35,2012,440,8341,908,9689,EW,2
LBS36,2012,470,13021,970,14424,EW,2
LBS37,2010,651,4521,881,6010,EW,2
LBS37,2012,920,9048,1439,11351,EW,2
LBS38,2010,423,3016,412,3840,EW,2
LBS38,2012,490,8094,965,9524,EW,2
LBS39,2010,520,14862,1902,17210,EW,2
LBS4,2012,116,479,81,676,EW,2
LBS40,2010,891,12581,1776,15190,EW,2
LBS41,2012,576,12565,1166,14295,EW,2
LBS43,2010,423,5874,804,7084,NS,2
LBS43,2012,164,2990,302,3451,NS,2
LBS44,2010,821,9532,1936,12244,EW,2
LBS44,2012,485,8730,1785,10984,EW,2
LBS45,2010,739,12842,2008,15539,NS,2
LBS45,2012,701,15273,2014,17989,NS,2
LBS45,2013,807,16380,1712,18855,NS,2
LBS47,2013,27,358,27,412,NS,2
LBS49,2013,29,183,14,226,EW,2
LBS5,2013,530,2267,441,3203,NS,2
LBS50,2013,195,2757,216,3165,EW,2
LBS55,2012,328,2934,250,3508,NS,2
LBS56,2013,22,180,10,212,EW,2
LBS57,2013,52,1160,72,1284,NS,2
LBS6,2012,8,193,32,233,NN,1
LBS60,2010,397,4431,809,5608,EW,2
LBS60,2012,584,9197,1638,11398,EW,2
LBS61,2012,144,2252,266,2662,EW,2
LBS63,2013,113,1272,120,1504,NS,2
LBS64,2013,228,1712,264,2203,NS,2
LBS65,2013,1,275,47,323,NS,2
LBS69,2013,326,4390,389,5095,EW,2
LBS7,2013,765,1006,211,1978,EW,2
LBS70,2013,74,1065,85,1222,EW,2
LBS72,2013,43,351,26,420,NS,2
LBS73,2010,514,7781,2005,10203,NS,2
LBS73,2013,378,10559,2115,13035,NS,2
LBS74,2010,767,13025,2182,15909,NS,2
LBS75,2013,69,706,54,829,NS,2
LBS77,2010,307,8302,943,9551,NS,2
LBS77,2012,269,8458,884,9609,NS,2
LBS8,2013,58,471,29,558,EW,2
LBS81,2013,101,608,59,768,EW,2
LBS82,2010,225,6703,663,7591,EW,2
LBS82,2012,151,4102,508,4754,EW,2
LBS83,2013,234,3823,362,4414,EW,2
LBS85,2013,134,1673,108,1912,NS,2
LBS9,2013,533,976,353,1862,NS,2
LBS91,2012,491,13289,2288,16067,EW,2
LBS92,2010,194,2458,501,3154,EW,2
LIP6,2011,17,37,3,57,NS,2
MIX1,2012,73,781,89,943,WW,1
MIX1,2013,77,847,126,1050,WW,1
MIX1,2015,88,713,106,907,WW,1
MIX11,2010,358,12757,1512,14570,NS,2
MIX11,2011,543,11114,1527,13144,NS,2
MIX12,2013,319,535,76,929,EW,2
MIX12,2014,178,405,61,644,EW,2
MIX13,2013,65,872,78,1015,EW,2
MIX13,2014,100,901,88,1089,EW,2
MIX14,2013,62,924,114,1098,NS,2
MIX14,2014,96,1042,78,1215,NS,2
MIX15,2010,439,7751,1577,9747,EW,2
MIX15,2011,475,9181,1261,10897,EW,2
MIX15,2017,64,496,52,612,NN,1
MIX16,2010,381,5031,756,6168,NS,2
MIX16,2013,48,3489,348,3885,NS,2
MIX16,2017,60,492,50,601,SS,1
MIX17,2010,89,1183,97,1369,NS,2
MIX17,2011,123,1274,71,1468,NS,2
MIX17,2012,214,811,60,1085,NS,2
MIX18,2013,26,205,29,260,NS,2
MIX18,2014,27,171,26,224,NS,2
MIX19,2013,17,163,26,206,NS,2
MIX19,2014,25,123,26,174,NS,2
MIX2,2010,797,1935,356,3083,NS,2
MIX2,2012,300,474,87,861,SS,1
MIX2,2013,400,741,139,1274,NS,2
MIX20,2010,327,6309,1118,7736,EW,2
MIX20,2011,464,11393,1102,12957,EW,2
MIX21,2013,81,488,53,622,NS,2
MIX21,2014,77,391,42,510,NS,2
MIX22,2013,248,267,35,550,EW,2
MIX22,2014,245,194,29,468,EW,2
MIX23,2010,462,13742,1413,15616,NS,2
MIX23,2011,543,11017,1374,12934,NS,2
MIX23,2015,514,12902,873,14288,NS,2
MIX23,2016,618,11992,1104,13684,NS,2
MIX24,2011,118,505,107,727,NS,2
MIX24,2013,44,311,42,395,SS,1
MIX25,2010,140,1180,303,1622,SS,1
MIX25,2012,105,1132,197,1434,NS,2
MIX25,2013,57,23,6,86,SS,1
MIX26,2011,141,2423,154,2718,NS,2
MIX26,2012,150,2392,138,2680,NS,2
MIX27,2011,30,953,0,1004,NS,2
MIX27,2012,66,1191,72,1329,NS,2
MIX28,2015,302,5689,296,6288,EW,2
MIX29,2012,194,5498,629,6316,NS,2
MIX29,2015,134,8070,560,8763,NS,2
MIX3,2010,413,5470,802,6678,EW,2
MIX3,2012,514,4235,333,5081,EW,2
MIX30,2011,230,5722,690,6642,NS,2
MIX30,2012,196,5107,616,5920,NS,2
MIX30,2015,189,6279,765,7233,NS,2
MIX31,2015,446,16837,2004,19286,EW,2
MIX32,2015,181,2410,208,2798,NS,2
MIX33,2013,738,24148,4526,29412,NS,2
MIX33,2015,725,24249,3250,28224,NS,2
MIX34,2012,554,12326,1520,14357,NS,2
MIX34,2013,281,8913,1257,10411,NS,2
MIX34,2015,420,11476,1343,13239,NS,2
MIX35,2013,1361,5962,1435,8759,NS,2
MIX35,2015,1708,8234,1582,11525,NS,2
MIX36,2013,138,1407,92,1637,NS,2
MIX36,2015,188,1159,87,1434,NS,2
MIX36,2016,242,1314,82,1639,NS,2
MIX37,2010,53,586,210,841,NS,2
MIX37,2013,31,378,35,444,NS,2
MIX37,2015,26,348,42,416,NS,2
MIX38,2010,148,1648,286,2082,EW,2
MIX38,2015,166,1521,239,1926,EW,2
MIX39,2010,129,2917,277,3314,NS,2
MIX4,2010,1123,2129,310,3557,NS,2
MIX4,2011,1359,2713,450,4523,NS,2
MIX40,2010,51,799,79,929,WW,1
MIX40,2012,111,871,75,1057,NN,1
MIX41,2010,434,3278,268,3979,NS,2
MIX41,2015,889,3318,338,4532,NS,2
MIX41,2016,775,1991,216,2982,NS,2
MIX42,2010,6,2039,260,2305,NS,2
MIX42,2013,111,1807,167,2085,NS,2
MIX42,2015,130,2168,183,2481,NS,2
MIX42,2016,181,2172,179,2531,NS,2
MIX43,2013,60,380,46,486,NS,2
MIX43,2015,107,449,38,595,NS,2
MIX43,2016,138,493,35,666,NS,2
MIX44,2012,216,3521,358,4093,NS,2
MIX44,2015,370,6501,547,7418,NS,2
MIX45,2010,324,10985,1299,12589,EW,2
MIX45,2013,489,9977,1116,11582,EW,2
MIX45,2015,423,9075,1113,10611,EW,2
MIX46,2010,21,1928,121,2069,NS,2
MIX46,2015,128,1556,143,1827,NS,2
MIX47,2010,139,3664,475,4268,EW,2
MIX47,2012,144,3184,417,3736,EW,2
MIX47,2017,258,4177,506,4942,NS,2
MIX48,2012,12,361,34,407,NS,2
MIX48,2015,22,471,40,533,NS,2
MIX49,2010,52,1420,109,1579,NS,2
MIX49,2013,65,1386,107,1557,NS,2
MIX49,2016,83,1778,153,2014,NS,2
MIX5,2010,462,10366,1329,12158,EW,2
MIX5,2012,232,4432,851,5496,EE,1
MIX5,2016,672,10833,1590,13095,EW,2
MIX50,2010,455,6423,930,7808,NS,2
MIX50,2013,785,6781,659,8225,NS,2
MIX50,2015,954,6170,857,7980,NS,2
MIX51,2010,226,2355,384,2959,EW,2
MIX51,2013,156,2284,501,2935,EW,2
MIX51,2015,303,2961,462,3726,EW,2
MIX52,2010,376,7432,703,8506,NS,2
MIX52,2011,434,9993,947,11360,NS,2
MIX52,2015,479,11158,1013,12649,NS,2
MIX52,2016,513,10936,1010,12426,NS,2
MIX53,2010,97,872,73,1042,NS,2
MIX53,2011,40,172,16,228,NN,1
MIX53,2013,31,173,18,222,NN,1
MIX53,2015,117,579,61,757,NS,2
MIX54,2013,699,1502,608,2770,NS,2
MIX54,2015,1049,2249,651,3951,NS,2
MIX55,2015,616,6718,460,7783,EW,2
MIX55,2016,490,5346,390,6226,NS,2
MIX56,2015,275,3322,321,3915,EW,2
MIX56,2016,227,3930,377,4534,EW,2
MIX57,2015,817,5661,614,7054,NS,2
MIX57,2016,1096,8952,1560,11607,NS,2
MIX58,2012,18,479,373,870,WW,1
MIX58,2017,89,470,328,887,WW,1
MIX59,2010,445,5531,461,6437,SS,1
MIX59,2016,726,7050,646,8423,SS,1
MIX6,2011,25,450,23,498,EW,2
MIX6,2015,19,555,39,612,EW,2
MIX60,2015,183,1102,83,1368,EW,2
MIX60,2016,145,2385,131,2662,EW,2
MIX61,2010,364,14198,2394,16882,NS,2
MIX61,2016,781,16253,1796,18831,NS,2
MIX62,2010,670,17181,1285,19137,NS,2
MIX62,2016,619,17686,1638,19942,NS,2
MIX63,2013,961,18145,2609,21716,NS,2
MIX63,2015,1211,19588,2210,23007,NS,2
MIX63,2016,1111,20394,2123,23630,NS,2
MIX64,2010,67,1099,49,1215,NS,2
MIX64,2011,650,9984,0,12335,NS,2
MIX65,2012,42,6227,442,6711,EW,2
MIX65,2013,741,19657,1417,21815,EW,2
MIX65,2016,1077,17196,1763,20037,EW,2
MIX66,2015,522,5293,717,6533,NS,2
MIX66,2016,490,5852,817,7160,NS,2
MIX67,2010,172,3204,197,3572,EW,2
MIX67,2016,276,3918,312,4507,EW,2
MIX68,2012,382,5112,584,6078,NS,2
MIX68,2016,599,7167,691,8459,NN,1
MIX69,2010,176,3437,207,3820,EW,2
MIX69,2016,337,1653,158,2147,EW,2
MIX7,2010,559,21759,1736,24053,NS,2
MIX7,2012,590,18934,1776,21300,NS,2
MIX7,2013,391,10372,661,11346,NS,2
MIX70,2010,1017,2485,1828,5303,NS,2
MIX70,2016,1651,2998,1650,6299,NS,2
MIX71,2011,220,3470,266,3954,EW,2
MIX71,2012,213,4235,319,4767,EW,2
MIX71,2017,312,3802,237,4351,EW,2
MIX73,2015,608,3667,254,4523,NS,2
MIX73,2016,597,4030,272,4899,NS,2
MIX74,2015,73,450,84,607,NS,2
MIX75,2015,151,1573,246,1978,NS,2
MIX75,2017,227,1427,211,1867,NS,2
MIX76,2015,53,502,103,658,EE,1
MIX76,2017,88,127,33,258,EW,2
MIX8,2010,501,11658,1655,13813,NS,2
MIX8,2011,489,11150,1562,13177,NS,2
MIX8,2013,587,10504,1593,12641,NS,2
MIX8,2015,491,11876,1560,13926,NS,2
MIX9,2013,181,849,97,1127,EW,2
MIX9,2014,199,777,75,1051,EW,2
PMC1,2010,55,708,41,804,NS,2
PMC10,2010,725,15145,1716,17586,NS,2
PMC12,2010,141,1504,99,1744,NS,2
PMC17,2010,106,2420,140,2665,NS,2
PMC18,2010,109,1423,94,1626,EW,2
PMC19,2010,226,2559,172,2957,NS,2
PMC2,2010,56,178,13,247,SS,1
PMC20,2010,1012,21086,2757,24649,EW,2
PMC21,2010,47,1050,63,1160,NS,2
PMC22,2010,134,1042,68,1245,EW,2
PMC25,2010,67,1431,86,1584,WW,1
PMC27,2010,25,953,113,1091,EE,1
PMC28,2010,169,1886,112,2167,EE,1
PMC29,2010,718,23067,2253,26037,EW,2
PMC31,2010,13,468,23,504,NN,1
PMC32,2010,6,333,44,383,SS,1
PMC33,2010,49,673,24,746,EE,1
PMC34,2010,85,710,112,907,EW,2
PMC4,2010,860,17664,2126,20649,NS,2
PMC41,2010,134,8438,646,9217,NS,2
PMC42,2010,34,480,46,560,NS,2
PMC43,2010,70,4066,315,4451,NS,2
PMC46,2010,126,4092,267,4483,NS,2
PMC48,2010,44,464,27,535,NS,2
PMC49,2010,113,1187,106,1403,NS,2
PMC5,2010,366,9553,685,10569,NS,2
PMC50,2010,753,23290,2819,26657,EW,2
PMC6,2010,920,20353,2162,23434,NS,2
PMC62,2010,90,3736,380,4206,NS,2
PMC63,2010,363,9915,1009,11274,NS,2
PMC65,2010,653,20218,2450,23320,EW,2
PMC66,2010,260,11555,842,12656,NS,2
PMC7,2010,127,1123,97,1348,EW,2
PMC8,2010,699,19359,2890,22947,NS,2
PR16,2012,610,12095,0,14629,NS,2
PR17,2011,512,16296,0,17584,NS,2
PR18,2011,724,11023,0,13685,NS,2
PR2,2012,430,12051,995,13439,NS,2
PR27,2012,382,8327,0,9897,EW,2
PR3,2012,1278,19922,4324,25388,EW,2
PR33,2011,208,3863,0,4293,ES,2
PR34,2017,313,1607,165,2087,EW,2
PR35,2017,257,812,205,1274,NN,1
PR36,2017,153,902,221,1277,NN,1
PR37,2017,1276,11728,1536,14541,EW,2
PR38,2017,341,1336,281,1959,NS,2
PR40,2017,475,3555,515,4545,EW,2
PR41,2017,1310,10227,1416,12950,NS,2
PR42,2017,314,726,85,1127,EW,2
PR43,2017,242,2475,290,3006,EW,2
PR44,2017,430,6451,818,7698,NS,2
PR45,2017,262,352,44,658,EW,2
PR46,2017,191,552,108,854,NS,2
PR47,2017,54,225,46,325,EW,2
PR48,2017,662,3652,578,4894,NS,2
PR49,2017,742,3835,715,5292,NS,2
PR50,2017,416,5969,454,6841,EW,2
PR51,2017,285,2050,122,2459,EW,2
PR53,2017,160,5246,574,5980,WW,1
PR54,2017,488,19282,1624,21394,EW,2
PR55,2017,60,350,92,502,SS,1
PR56,2017,80,2335,186,2600,EW,2
PR57,2017,25,972,55,1043,NS,2
PR58,2017,211,7641,718,8572,NS,2
SPINE10,2016,792,6652,603,8047,NS,2
SPINE18,2016,457,4519,329,5305,NS,2
SPINE6,2016,220,2292,205,2715,EW,2
SPINE8,2016,255,4510,367,5134,NS,2
ST1,2016,168,483,105,756,NS,2
ST2,2016,658,968,144,1781,EW,2
ST3,2016,297,301,76,674,NN,1
ST4,2016,125,652,113,894,SS,1
ST5,2016,70,212,40,323,NN,1
ST6,2016,499,1095,172,1780,EW,2
ST7,2016,375,1201,197,1782,EW,2
ST8,2016,487,2120,340,2959,NS,2
ST9,2016,178,1064,202,1450,NS,2
SW1,2016,57,278,23,358,EW,2
SW10,2016,253,996,63,1313,NS,2
SW11,2016,58,496,50,604,NS,2
SW12,2016,193,6331,288,6812,NS,2
SW13,2016,640,11375,1526,13541,NS,2
SW14,2016,1042,9663,1460,12166,NS,2
SW3,2016,550,6104,697,7352,EW,2
SW4,2016,440,2284,210,2936,EW,2
SW5,2016,159,1475,145,1779,EE,1
SW6,2016,334,1257,92,1687,EW,2
SW7,2016,404,11452,1306,13161,NS,2
SW8,2016,681,9288,1179,11149,NS,2
SW9,2016,148,5258,421,5829,EW,2
TP1,2017,543,7348,1219,9111,EW,2
